date,new_cases,new_deaths,new_tests,day,month,year,weekday,total_case,location,continent,population,life_expectancy,hospital_beds_per_thousand,gdp_per_capita,case/million
2019-12-31,0.0,0.0,,31,12,2019,1,0.0,Italy,Europe,60461828.0,83.51,3.18,35220.084,0.0
2020-01-01,0.0,0.0,,1,1,2020,2,0.0,Italy,Europe,60461828.0,83.51,3.18,35220.084,0.0
2020-01-02,0.0,0.0,,2,1,2020,3,0.0,Italy,Europe,60461828.0,83.51,3.18,35220.084,0.0
2020-01-03,0.0,0.0,,3,1,2020,4,0.0,Italy,Europe,60461828.0,83.51,3.18,35220.084,0.0
2020-01-04,0.0,0.0,,4,1,2020,5,0.0,Italy,Europe,60461828.0,83.51,3.18,35220.084,0.0
2020-01-05,0.0,0.0,,5,1,2020,6,0.0,Italy,Europe,60461828.0,83.51,3.18,35220.084,0.0
2020-01-06,0.0,0.0,,6,1,2020,0,0.0,Italy,Europe,60461828.0,83.51,3.18,35220.084,0.0
2020-01-07,0.0,0.0,,7,1,2020,1,0.0,Italy,Europe,60461828.0,83.51,3.18,35220.084,0.0
2020-01-08,0.0,0.0,,8,1,2020,2,0.0,Italy,Europe,60461828.0,83.51,3.18,35220.084,0.0
2020-01-09,0.0,0.0,,9,1,2020,3,0.0,Italy,Europe,60461828.0,83.51,3.18,35220.084,0.0
2020-01-10,0.0,0.0,,10,1,2020,4,0.0,Italy,Europe,60461828.0,83.51,3.18,35220.084,0.0
2020-01-11,0.0,0.0,,11,1,2020,5,0.0,Italy,Europe,60461828.0,83.51,3.18,35220.084,0.0
2020-01-12,0.0,0.0,,12,1,2020,6,0.0,Italy,Europe,60461828.0,83.51,3.18,35220.084,0.0
2020-01-13,0.0,0.0,,13,1,2020,0,0.0,Italy,Europe,60461828.0,83.51,3.18,35220.084,0.0
2020-01-14,0.0,0.0,,14,1,2020,1,0.0,Italy,Europe,60461828.0,83.51,3.18,35220.084,0.0
2020-01-15,0.0,0.0,,15,1,2020,2,0.0,Italy,Europe,60461828.0,83.51,3.18,35220.084,0.0
2020-01-16,0.0,0.0,,16,1,2020,3,0.0,Italy,Europe,60461828.0,83.51,3.18,35220.084,0.0
2020-01-17,0.0,0.0,,17,1,2020,4,0.0,Italy,Europe,60461828.0,83.51,3.18,35220.084,0.0
2020-01-18,0.0,0.0,,18,1,2020,5,0.0,Italy,Europe,60461828.0,83.51,3.18,35220.084,0.0
2020-01-19,0.0,0.0,,19,1,2020,6,0.0,Italy,Europe,60461828.0,83.51,3.18,35220.084,0.0
2020-01-20,0.0,0.0,,20,1,2020,0,0.0,Italy,Europe,60461828.0,83.51,3.18,35220.084,0.0
2020-01-21,0.0,0.0,,21,1,2020,1,0.0,Italy,Europe,60461828.0,83.51,3.18,35220.084,0.0
2020-01-22,0.0,0.0,,22,1,2020,2,0.0,Italy,Europe,60461828.0,83.51,3.18,35220.084,0.0
2020-01-23,0.0,0.0,,23,1,2020,3,0.0,Italy,Europe,60461828.0,83.51,3.18,35220.084,0.0
2020-01-24,0.0,0.0,,24,1,2020,4,0.0,Italy,Europe,60461828.0,83.51,3.18,35220.084,0.0
2020-01-25,0.0,0.0,,25,1,2020,5,0.0,Italy,Europe,60461828.0,83.51,3.18,35220.084,0.0
2020-01-26,0.0,0.0,,26,1,2020,6,0.0,Italy,Europe,60461828.0,83.51,3.18,35220.084,0.0
2020-01-27,0.0,0.0,,27,1,2020,0,0.0,Italy,Europe,60461828.0,83.51,3.18,35220.084,0.0
2020-01-28,0.0,0.0,,28,1,2020,1,0.0,Italy,Europe,60461828.0,83.51,3.18,35220.084,0.0
2020-01-29,0.0,0.0,,29,1,2020,2,0.0,Italy,Europe,60461828.0,83.51,3.18,35220.084,0.0
2020-01-30,0.0,0.0,,30,1,2020,3,0.0,Italy,Europe,60461828.0,83.51,3.18,35220.084,0.0
2020-01-31,3.0,0.0,,31,1,2020,4,3.0,Italy,Europe,60461828.0,83.51,3.18,35220.084,0.04961808299940915
2020-02-01,0.0,0.0,,1,2,2020,5,3.0,Italy,Europe,60461828.0,83.51,3.18,35220.084,0.04961808299940915
2020-02-02,0.0,0.0,,2,2,2020,6,3.0,Italy,Europe,60461828.0,83.51,3.18,35220.084,0.04961808299940915
2020-02-03,0.0,0.0,,3,2,2020,0,3.0,Italy,Europe,60461828.0,83.51,3.18,35220.084,0.04961808299940915
2020-02-04,0.0,0.0,,4,2,2020,1,3.0,Italy,Europe,60461828.0,83.51,3.18,35220.084,0.04961808299940915
2020-02-05,0.0,0.0,,5,2,2020,2,3.0,Italy,Europe,60461828.0,83.51,3.18,35220.084,0.04961808299940915
2020-02-06,0.0,0.0,,6,2,2020,3,3.0,Italy,Europe,60461828.0,83.51,3.18,35220.084,0.04961808299940915
2020-02-07,0.0,0.0,,7,2,2020,4,3.0,Italy,Europe,60461828.0,83.51,3.18,35220.084,0.04961808299940915
2020-02-08,0.0,0.0,,8,2,2020,5,3.0,Italy,Europe,60461828.0,83.51,3.18,35220.084,0.04961808299940915
2020-02-09,0.0,0.0,,9,2,2020,6,3.0,Italy,Europe,60461828.0,83.51,3.18,35220.084,0.04961808299940915
2020-02-10,0.0,0.0,,10,2,2020,0,3.0,Italy,Europe,60461828.0,83.51,3.18,35220.084,0.04961808299940915
2020-02-11,0.0,0.0,,11,2,2020,1,3.0,Italy,Europe,60461828.0,83.51,3.18,35220.084,0.04961808299940915
2020-02-12,0.0,0.0,,12,2,2020,2,3.0,Italy,Europe,60461828.0,83.51,3.18,35220.084,0.04961808299940915
2020-02-13,0.0,0.0,,13,2,2020,3,3.0,Italy,Europe,60461828.0,83.51,3.18,35220.084,0.04961808299940915
2020-02-14,0.0,0.0,,14,2,2020,4,3.0,Italy,Europe,60461828.0,83.51,3.18,35220.084,0.04961808299940915
2020-02-15,0.0,0.0,,15,2,2020,5,3.0,Italy,Europe,60461828.0,83.51,3.18,35220.084,0.04961808299940915
2020-02-16,0.0,0.0,,16,2,2020,6,3.0,Italy,Europe,60461828.0,83.51,3.18,35220.084,0.04961808299940915
2020-02-17,0.0,0.0,,17,2,2020,0,3.0,Italy,Europe,60461828.0,83.51,3.18,35220.084,0.04961808299940915
2020-02-18,0.0,0.0,,18,2,2020,1,3.0,Italy,Europe,60461828.0,83.51,3.18,35220.084,0.04961808299940915
2020-02-19,0.0,0.0,,19,2,2020,2,3.0,Italy,Europe,60461828.0,83.51,3.18,35220.084,0.04961808299940915
2020-02-20,0.0,0.0,,20,2,2020,3,3.0,Italy,Europe,60461828.0,83.51,3.18,35220.084,0.04961808299940915
2020-02-21,0.0,0.0,,21,2,2020,4,3.0,Italy,Europe,60461828.0,83.51,3.18,35220.084,0.04961808299940915
2020-02-22,14.0,0.0,,22,2,2020,5,17.0,Italy,Europe,60461828.0,83.51,3.18,35220.084,0.28116913699665186
2020-02-23,62.0,2.0,,23,2,2020,6,79.0,Italy,Europe,60461828.0,83.51,3.18,35220.084,1.3066095189844409
2020-02-24,53.0,0.0,,24,2,2020,0,132.0,Italy,Europe,60461828.0,83.51,3.18,35220.084,2.1831956519740023
2020-02-25,97.0,4.0,,25,2,2020,1,229.0,Italy,Europe,60461828.0,83.51,3.18,35220.084,3.7875136689548983
2020-02-26,93.0,5.0,,26,2,2020,2,322.0,Italy,Europe,60461828.0,83.51,3.18,35220.084,5.325674241936582
2020-02-27,78.0,1.0,,27,2,2020,3,400.0,Italy,Europe,60461828.0,83.51,3.18,35220.084,6.61574439992122
2020-02-28,250.0,5.0,,28,2,2020,4,650.0,Italy,Europe,60461828.0,83.51,3.18,35220.084,10.750584649871982
2020-02-29,238.0,4.0,,29,2,2020,5,888.0,Italy,Europe,60461828.0,83.51,3.18,35220.084,14.686952567825108
2020-03-01,240.0,8.0,,1,3,2020,6,1128.0,Italy,Europe,60461828.0,83.51,3.18,35220.084,18.656399207777838
2020-03-02,561.0,6.0,,2,3,2020,0,1689.0,Italy,Europe,60461828.0,83.51,3.18,35220.084,27.93498072866735
2020-03-03,347.0,17.0,,3,3,2020,1,2036.0,Italy,Europe,60461828.0,83.51,3.18,35220.084,33.67413899559901
2020-03-04,466.0,28.0,,4,3,2020,2,2502.0,Italy,Europe,60461828.0,83.51,3.18,35220.084,41.38148122150723
2020-03-05,587.0,27.0,,5,3,2020,3,3089.0,Italy,Europe,60461828.0,83.51,3.18,35220.084,51.09008612839162
2020-03-06,769.0,41.0,,6,3,2020,4,3858.0,Italy,Europe,60461828.0,83.51,3.18,35220.084,63.80885473724016
2020-03-07,778.0,49.0,,7,3,2020,5,4636.0,Italy,Europe,60461828.0,83.51,3.18,35220.084,76.67647759508694
2020-03-08,1247.0,36.0,,8,3,2020,6,5883.0,Italy,Europe,60461828.0,83.51,3.18,35220.084,97.30106076184134
2020-03-09,1492.0,133.0,,9,3,2020,0,7375.0,Italy,Europe,60461828.0,83.51,3.18,35220.084,121.97778737354749
2020-03-10,1797.0,98.0,,10,3,2020,1,9172.0,Italy,Europe,60461828.0,83.51,3.18,35220.084,151.69901909019356
2020-03-11,977.0,167.0,,11,3,2020,2,10149.0,Italy,Europe,60461828.0,83.51,3.18,35220.084,167.85797478700115
2020-03-12,2313.0,196.0,,12,3,2020,3,12462.0,Italy,Europe,60461828.0,83.51,3.18,35220.084,206.1135167795456
2020-03-13,2651.0,189.0,,13,3,2020,4,15113.0,Italy,Europe,60461828.0,83.51,3.18,35220.084,249.95936279002348
2020-03-14,2547.0,252.0,,14,3,2020,5,17660.0,Italy,Europe,60461828.0,83.51,3.18,35220.084,292.0851152565219
2020-03-15,3497.0,173.0,,15,3,2020,6,21157.0,Italy,Europe,60461828.0,83.51,3.18,35220.084,349.9232606728331
2020-03-16,2823.0,370.0,,16,3,2020,0,23980.0,Italy,Europe,60461828.0,83.51,3.18,35220.084,396.6138767752771
2020-03-17,4000.0,347.0,,17,3,2020,1,27980.0,Italy,Europe,60461828.0,83.51,3.18,35220.084,462.7713207744893
2020-03-18,3526.0,347.0,,18,3,2020,2,31506.0,Italy,Europe,60461828.0,83.51,3.18,35220.084,521.0891076597949
2020-03-19,4207.0,473.0,,19,3,2020,3,35713.0,Italy,Europe,60461828.0,83.51,3.18,35220.084,590.6701993859663
2020-03-20,5322.0,429.0,,20,3,2020,4,41035.0,Italy,Europe,60461828.0,83.51,3.18,35220.084,678.6926786269181
2020-03-21,5986.0,625.0,,21,3,2020,5,47021.0,Italy,Europe,60461828.0,83.51,3.18,35220.084,777.6972935717392
2020-03-22,6557.0,795.0,,22,3,2020,6,53578.0,Italy,Europe,60461828.0,83.51,3.18,35220.084,886.1458836474478
2020-03-23,5560.0,649.0,,23,3,2020,0,59138.0,Italy,Europe,60461828.0,83.51,3.18,35220.084,978.1047308063527
2020-03-24,4789.0,601.0,,24,3,2020,1,63927.0,Italy,Europe,60461828.0,83.51,3.18,35220.084,1057.3117306344095
2020-03-25,5249.0,743.0,,25,3,2020,2,69176.0,Italy,Europe,60461828.0,83.51,3.18,35220.084,1144.1268365223757
2020-03-26,5210.0,685.0,,26,3,2020,3,74386.0,Italy,Europe,60461828.0,83.51,3.18,35220.084,1230.2969073313495
2020-03-27,6153.0,660.0,,27,3,2020,4,80539.0,Italy,Europe,60461828.0,83.51,3.18,35220.084,1332.0635955631378
2020-03-28,5959.0,971.0,,28,3,2020,5,86498.0,Italy,Europe,60461828.0,83.51,3.18,35220.084,1430.6216477609642
2020-03-29,5974.0,887.0,,29,3,2020,6,92472.0,Italy,Europe,60461828.0,83.51,3.18,35220.084,1529.4277903737875
2020-03-30,5217.0,758.0,,30,3,2020,0,97689.0,Italy,Europe,60461828.0,83.51,3.18,35220.084,1615.71363670976
2020-03-31,4050.0,810.0,,31,3,2020,1,101739.0,Italy,Europe,60461828.0,83.51,3.18,35220.084,1682.6980487589624
2020-04-01,4053.0,839.0,,1,4,2020,2,105792.0,Italy,Europe,60461828.0,83.51,3.18,35220.084,1749.7320788911643
2020-04-02,4782.0,727.0,,2,4,2020,3,110574.0,Italy,Europe,60461828.0,83.51,3.18,35220.084,1828.8233031922223
2020-04-03,4668.0,760.0,,3,4,2020,4,115242.0,Italy,Europe,60461828.0,83.51,3.18,35220.084,1906.029040339303
2020-04-04,4585.0,764.0,,4,4,2020,5,119827.0,Italy,Europe,60461828.0,83.51,3.18,35220.084,1981.8620105234
2020-04-05,4805.0,681.0,,5,4,2020,6,124632.0,Italy,Europe,60461828.0,83.51,3.18,35220.084,2061.3336401274537
2020-04-06,4316.0,527.0,,6,4,2020,0,128948.0,Italy,Europe,60461828.0,83.51,3.18,35220.084,2132.7175222026035
2020-04-07,3599.0,636.0,,7,4,2020,1,132547.0,Italy,Europe,60461828.0,83.51,3.18,35220.084,2192.242682440895
2020-04-08,3039.0,604.0,,8,4,2020,2,135586.0,Italy,Europe,60461828.0,83.51,3.18,35220.084,2242.5058005192964
2020-04-09,3836.0,540.0,,9,4,2020,3,139422.0,Italy,Europe,60461828.0,83.51,3.18,35220.084,2305.9507893145405
2020-04-10,4204.0,612.0,,10,4,2020,4,143626.0,Italy,Europe,60461828.0,83.51,3.18,35220.084,2375.482262957713
2020-04-11,3951.0,570.0,,11,4,2020,5,147577.0,Italy,Europe,60461828.0,83.51,3.18,35220.084,2440.8292782679346
2020-04-12,4694.0,619.0,,12,4,2020,6,152271.0,Italy,Europe,60461828.0,83.51,3.18,35220.084,2518.46503880101
2020-04-13,4092.0,431.0,,13,4,2020,0,156363.0,Italy,Europe,60461828.0,83.51,3.18,35220.084,2586.144104012204
2020-04-14,3153.0,564.0,,14,4,2020,1,159516.0,Italy,Europe,60461828.0,83.51,3.18,35220.084,2638.2927092445834
2020-04-15,2972.0,604.0,,15,4,2020,2,162488.0,Italy,Europe,60461828.0,83.51,3.18,35220.084,2687.447690135998
2020-04-16,2667.0,578.0,,16,4,2020,3,165155.0,Italy,Europe,60461828.0,83.51,3.18,35220.084,2731.5581659224727
2020-04-17,3786.0,525.0,,17,4,2020,4,168941.0,Italy,Europe,60461828.0,83.51,3.18,35220.084,2794.176186667727
2020-04-18,3493.0,575.0,,18,4,2020,5,172434.0,Italy,Europe,60461828.0,83.51,3.18,35220.084,2851.948174640039
2020-04-19,3491.0,480.0,,19,4,2020,6,175925.0,Italy,Europe,60461828.0,83.51,3.18,35220.084,2909.6870838903515
2020-04-20,3047.0,433.0,7841.0,20,4,2020,0,178972.0,Italy,Europe,60461828.0,83.51,3.18,35220.084,2960.082516856751
2020-04-21,2256.0,454.0,28095.0,21,4,2020,1,181228.0,Italy,Europe,60461828.0,83.51,3.18,35220.084,2997.395315272307
2020-04-22,2729.0,534.0,44248.0,22,4,2020,2,183957.0,Italy,Europe,60461828.0,83.51,3.18,35220.084,3042.5312314407697
2020-04-23,3370.0,437.0,37083.0,23,4,2020,3,187327.0,Italy,Europe,60461828.0,83.51,3.18,35220.084,3098.2688780101057
2020-04-24,2646.0,464.0,95273.0,24,4,2020,4,189973.0,Italy,Europe,60461828.0,83.51,3.18,35220.084,3142.0320272155845
2020-04-25,3021.0,420.0,38676.0,25,4,2020,5,192994.0,Italy,Europe,60461828.0,83.51,3.18,35220.084,3191.99743679599
2020-04-26,2357.0,415.0,24113.0,26,4,2020,6,195351.0,Italy,Europe,60461828.0,83.51,3.18,35220.084,3230.9807106725257
2020-04-27,2324.0,260.0,26678.0,27,4,2020,0,197675.0,Italy,Europe,60461828.0,83.51,3.18,35220.084,3269.418185636068
2020-04-28,1739.0,333.0,37554.0,28,4,2020,1,199414.0,Italy,Europe,60461828.0,83.51,3.18,35220.084,3298.180134414725
2020-04-29,2091.0,382.0,38589.0,29,4,2020,2,201505.0,Italy,Europe,60461828.0,83.51,3.18,35220.084,3332.7639382653133
2020-04-30,2086.0,323.0,41441.0,30,4,2020,3,203591.0,Italy,Europe,60461828.0,83.51,3.18,35220.084,3367.2650453109027
2020-05-01,1872.0,285.0,43732.0,1,5,2020,4,205463.0,Italy,Europe,60461828.0,83.51,3.18,35220.084,3398.226729102534
2020-05-02,1965.0,269.0,31231.0,2,5,2020,5,207428.0,Italy,Europe,60461828.0,83.51,3.18,35220.084,3430.726573467147
2020-05-03,1900.0,474.0,27047.0,3,5,2020,6,209328.0,Italy,Europe,60461828.0,83.51,3.18,35220.084,3462.151359366773
2020-05-04,1389.0,174.0,22999.0,4,5,2020,0,210717.0,Italy,Europe,60461828.0,83.51,3.18,35220.084,3485.124531795499
2020-05-05,1221.0,195.0,32211.0,5,5,2020,1,211938.0,Italy,Europe,60461828.0,83.51,3.18,35220.084,3505.319091576259
2020-05-06,1075.0,236.0,37771.0,6,5,2020,2,213013.0,Italy,Europe,60461828.0,83.51,3.18,35220.084,3523.0989046510467
2020-05-07,1444.0,369.0,13665.0,7,5,2020,3,214457.0,Italy,Europe,60461828.0,83.51,3.18,35220.084,3546.9817419347623
2020-05-08,1401.0,274.0,45428.0,8,5,2020,4,215858.0,Italy,Europe,60461828.0,83.51,3.18,35220.084,3570.1533866954865
2020-05-09,1327.0,243.0,36091.0,9,5,2020,5,217185.0,Italy,Europe,60461828.0,83.51,3.18,35220.084,3592.1011187422255
2020-05-10,1083.0,194.0,31384.0,10,5,2020,6,218268.0,Italy,Europe,60461828.0,83.51,3.18,35220.084,3610.013246705012
2020-05-11,802.0,165.0,25823.0,11,5,2020,0,219070.0,Italy,Europe,60461828.0,83.51,3.18,35220.084,3623.277814226854
2020-05-12,744.0,179.0,39620.0,12,5,2020,1,219814.0,Italy,Europe,60461828.0,83.51,3.18,35220.084,3635.5830988107073
2020-05-13,1402.0,172.0,37049.0,13,5,2020,2,221216.0,Italy,Europe,60461828.0,83.51,3.18,35220.084,3658.7712829324314
2020-05-14,888.0,195.0,41131.0,14,5,2020,3,222104.0,Italy,Europe,60461828.0,83.51,3.18,35220.084,3673.4582355002563
2020-05-15,992.0,262.0,39027.0,15,5,2020,4,223096.0,Italy,Europe,60461828.0,83.51,3.18,35220.084,3689.865281612061
2020-05-16,789.0,242.0,40657.0,16,5,2020,5,223885.0,Italy,Europe,60461828.0,83.51,3.18,35220.084,3702.9148374409056
2020-05-17,875.0,153.0,33505.0,17,5,2020,6,224760.0,Italy,Europe,60461828.0,83.51,3.18,35220.084,3717.3867783157334
2020-05-18,675.0,145.0,26101.0,18,5,2020,0,225435.0,Italy,Europe,60461828.0,83.51,3.18,35220.084,3728.5508469906003
2020-05-19,451.0,99.0,40226.0,19,5,2020,1,225886.0,Italy,Europe,60461828.0,83.51,3.18,35220.084,3736.0100988015115
2020-05-20,813.0,162.0,38617.0,20,5,2020,2,226699.0,Italy,Europe,60461828.0,83.51,3.18,35220.084,3749.4565992943517
2020-05-21,665.0,161.0,40644.0,21,5,2020,3,227364.0,Italy,Europe,60461828.0,83.51,3.18,35220.084,3760.4552743592203
2020-05-22,642.0,156.0,42987.0,22,5,2020,4,228006.0,Italy,Europe,60461828.0,83.51,3.18,35220.084,3771.073544121094
2020-05-23,652.0,130.0,42579.0,23,5,2020,5,228658.0,Italy,Europe,60461828.0,83.51,3.18,35220.084,3781.8572074929657
2020-05-24,669.0,119.0,34206.0,24,5,2020,6,229327.0,Italy,Europe,60461828.0,83.51,3.18,35220.084,3792.922040001834
2020-05-25,531.0,50.0,20676.0,25,5,2020,0,229858.0,Italy,Europe,60461828.0,83.51,3.18,35220.084,3801.7044406927293
2020-05-26,300.0,92.0,33944.0,26,5,2020,1,230158.0,Italy,Europe,60461828.0,83.51,3.18,35220.084,3806.6662489926703
2020-05-27,397.0,78.0,37299.0,27,5,2020,2,230555.0,Italy,Europe,60461828.0,83.51,3.18,35220.084,3813.232375309592
2020-05-28,584.0,117.0,39838.0,28,5,2020,3,231139.0,Italy,Europe,60461828.0,83.51,3.18,35220.084,3822.891362133477
2020-05-29,593.0,70.0,38233.0,29,5,2020,4,231732.0,Italy,Europe,60461828.0,83.51,3.18,35220.084,3832.6992032063604
2020-05-30,516.0,87.0,36051.0,30,5,2020,5,232248.0,Italy,Europe,60461828.0,83.51,3.18,35220.084,3841.233513482259
2020-05-31,416.0,111.0,28948.0,31,5,2020,6,232664.0,Italy,Europe,60461828.0,83.51,3.18,35220.084,3848.1138876581767
2020-06-01,355.0,75.0,18053.0,1,6,2020,0,233019.0,Italy,Europe,60461828.0,83.51,3.18,35220.084,3853.9853608131066
2020-06-02,178.0,60.0,25628.0,2,6,2020,1,233197.0,Italy,Europe,60461828.0,83.51,3.18,35220.084,3856.9293670710717
2020-06-03,318.0,55.0,20035.0,3,6,2020,2,233515.0,Italy,Europe,60461828.0,83.51,3.18,35220.084,3862.1888838690093
2020-06-04,321.0,71.0,27451.0,4,6,2020,3,233836.0,Italy,Europe,60461828.0,83.51,3.18,35220.084,3867.498018749946
2020-06-05,177.0,88.0,40470.0,5,6,2020,4,234013.0,Italy,Europe,60461828.0,83.51,3.18,35220.084,3870.425485646911
2020-06-06,518.0,85.0,34036.0,6,6,2020,5,234531.0,Italy,Europe,60461828.0,83.51,3.18,35220.084,3878.992874644809
2020-06-07,270.0,72.0,27894.0,7,6,2020,6,234801.0,Italy,Europe,60461828.0,83.51,3.18,35220.084,3883.458502114756
2020-06-08,197.0,53.0,16301.0,8,6,2020,0,234998.0,Italy,Europe,60461828.0,83.51,3.18,35220.084,3886.7167562317168
2020-06-09,280.0,65.0,32200.0,9,6,2020,1,235278.0,Italy,Europe,60461828.0,83.51,3.18,35220.084,3891.347777311662
2020-06-10,283.0,79.0,37865.0,10,6,2020,2,235561.0,Italy,Europe,60461828.0,83.51,3.18,35220.084,3896.0284164746063
2020-06-11,202.0,71.0,32991.0,11,6,2020,3,235763.0,Italy,Europe,60461828.0,83.51,3.18,35220.084,3899.3693673965663
2020-06-12,379.0,53.0,37651.0,12,6,2020,4,236142.0,Italy,Europe,60461828.0,83.51,3.18,35220.084,3905.6377852154915
2020-06-13,163.0,56.0,32880.0,13,6,2020,5,236305.0,Italy,Europe,60461828.0,83.51,3.18,35220.084,3908.3337010584596
2020-06-14,346.0,78.0,29545.0,14,6,2020,6,236651.0,Italy,Europe,60461828.0,83.51,3.18,35220.084,3914.0563199643916
2020-06-15,338.0,44.0,17463.0,15,6,2020,0,236989.0,Italy,Europe,60461828.0,83.51,3.18,35220.084,3919.646623982325
2020-06-16,301.0,26.0,27762.0,16,6,2020,1,237290.0,Italy,Europe,60461828.0,83.51,3.18,35220.084,3924.624971643266
2020-06-17,210.0,34.0,33957.0,17,6,2020,2,237500.0,Italy,Europe,60461828.0,83.51,3.18,35220.084,3928.098237453224
2020-06-18,328.0,43.0,32921.0,18,6,2020,3,237828.0,Italy,Europe,60461828.0,83.51,3.18,35220.084,3933.5231478611595
2020-06-19,331.0,66.0,28570.0,19,6,2020,4,238159.0,Italy,Europe,60461828.0,83.51,3.18,35220.084,3938.9976763520945
2020-06-20,297.5,47.0,29875.0,20,6,2020,5,238456.5,Italy,Europe,60461828.0,83.51,3.18,35220.084,3943.918136249536
2020-06-21,264.0,49.0,24581.0,21,6,2020,6,238720.5,Italy,Europe,60461828.0,83.51,3.18,35220.084,3948.2845275534837
2020-06-22,224.0,24.0,16152.0,22,6,2020,0,238944.5,Italy,Europe,60461828.0,83.51,3.18,35220.084,3951.9893444174395
2020-06-23,221.0,23.0,23225.0,23,6,2020,1,239165.5,Italy,Europe,60461828.0,83.51,3.18,35220.084,3955.644543198396
2020-06-24,113.0,18.0,30237.0,24,6,2020,2,239278.5,Italy,Europe,60461828.0,83.51,3.18,35220.084,3957.513490991374
2020-06-25,577.0,-31.0,29421.0,25,6,2020,3,239855.5,Italy,Europe,60461828.0,83.51,3.18,35220.084,3967.05670228826
2020-06-26,296.0,34.0,28331.0,26,6,2020,4,240151.5,Italy,Europe,60461828.0,83.51,3.18,35220.084,3971.952353144202
2020-06-27,255.0,30.0,29721.0,27,6,2020,5,240406.5,Italy,Europe,60461828.0,83.51,3.18,35220.084,3976.1698901991517
2020-06-28,175.0,8.0,21183.0,28,6,2020,6,240581.5,Italy,Europe,60461828.0,83.51,3.18,35220.084,3979.0642783741173
2020-06-29,174.0,22.0,15484.0,29,6,2020,0,240755.5,Italy,Europe,60461828.0,83.51,3.18,35220.084,3981.942127188083
2020-06-30,126.0,6.0,28471.0,30,6,2020,1,240881.5,Italy,Europe,60461828.0,83.51,3.18,35220.084,3984.026086674058
2020-07-01,142.0,23.0,29325.0,1,7,2020,2,241023.5,Italy,Europe,60461828.0,83.51,3.18,35220.084,3986.37467593603
2020-07-02,182.0,21.0,29147.0,2,7,2020,3,241205.5,Italy,Europe,60461828.0,83.51,3.18,35220.084,3989.3848396379944
2020-07-03,201.0,30.0,25680.0,3,7,2020,4,241406.5,Italy,Europe,60461828.0,83.51,3.18,35220.084,3992.709251198955
2020-07-04,223.0,15.0,28946.0,4,7,2020,5,241629.5,Italy,Europe,60461828.0,83.51,3.18,35220.084,3996.3975287019107
2020-07-05,235.0,21.0,21166.0,5,7,2020,6,241864.5,Italy,Europe,60461828.0,83.51,3.18,35220.084,4000.284278536865
2020-07-06,192.0,7.0,13771.0,6,7,2020,0,242056.5,Italy,Europe,60461828.0,83.51,3.18,35220.084,4003.459835848827
2020-07-07,208.0,8.0,22490.0,7,7,2020,1,242264.5,Italy,Europe,60461828.0,83.51,3.18,35220.084,4006.9000229367857
2020-07-08,137.0,30.0,28679.0,8,7,2020,2,242401.5,Italy,Europe,60461828.0,83.51,3.18,35220.084,4009.165915393759
2020-07-09,193.0,15.0,29947.0,9,7,2020,3,242594.5,Italy,Europe,60461828.0,83.51,3.18,35220.084,4012.3580120667207
2020-07-10,214.0,12.0,27251.0,10,7,2020,4,242808.5,Italy,Europe,60461828.0,83.51,3.18,35220.084,4015.8974353206786
2020-07-11,276.0,12.0,25449.0,11,7,2020,5,243084.5,Italy,Europe,60461828.0,83.51,3.18,35220.084,4020.462298956624
2020-07-12,188.0,7.0,23061.0,12,7,2020,6,243272.5,Italy,Europe,60461828.0,83.51,3.18,35220.084,4023.571698824587
2020-07-13,234.0,9.0,14006.0,13,7,2020,0,243506.5,Italy,Europe,60461828.0,83.51,3.18,35220.084,4027.4419092985413
2020-07-14,169.0,13.0,24222.0,14,7,2020,1,243675.5,Italy,Europe,60461828.0,83.51,3.18,35220.084,4030.237061307508
2020-07-15,114.0,17.0,28392.0,15,7,2020,2,243789.5,Italy,Europe,60461828.0,83.51,3.18,35220.084,4032.1225484614856
2020-07-16,162.0,13.0,28089.0,16,7,2020,3,243951.5,Italy,Europe,60461828.0,83.51,3.18,35220.084,4034.8019249434537
2020-07-17,230.0,20.0,28661.0,17,7,2020,4,244181.5,Italy,Europe,60461828.0,83.51,3.18,35220.084,4038.6059779734082
2020-07-18,231.0,11.0,27569.0,18,7,2020,5,244412.5,Italy,Europe,60461828.0,83.51,3.18,35220.084,4042.4265703643628
2020-07-19,249.0,14.0,20621.0,19,7,2020,6,244661.5,Italy,Europe,60461828.0,83.51,3.18,35220.084,4046.544871253314
2020-07-20,218.0,3.0,14121.0,20,7,2020,0,244879.5,Italy,Europe,60461828.0,83.51,3.18,35220.084,4050.150451951271
2020-07-21,190.0,13.0,23915.0,21,7,2020,1,245069.5,Italy,Europe,60461828.0,83.51,3.18,35220.084,4053.2929305412335
2020-07-22,128.0,15.0,29288.0,22,7,2020,2,245197.5,Italy,Europe,60461828.0,83.51,3.18,35220.084,4055.409968749208
2020-07-23,280.0,9.0,33018.0,23,7,2020,3,245477.5,Italy,Europe,60461828.0,83.51,3.18,35220.084,4060.040989829153
2020-07-24,306.0,10.0,28970.0,24,7,2020,4,245783.5,Italy,Europe,60461828.0,83.51,3.18,35220.084,4065.102034295093
2020-07-25,252.0,5.0,28059.0,25,7,2020,5,246035.5,Italy,Europe,60461828.0,83.51,3.18,35220.084,4069.269953267043
2020-07-26,274.0,5.0,25177.0,26,7,2020,6,246309.5,Italy,Europe,60461828.0,83.51,3.18,35220.084,4073.801738180989
2020-07-27,254.0,5.0,19374.0,27,7,2020,0,246563.5,Italy,Europe,60461828.0,83.51,3.18,35220.084,4078.002735874939
2020-07-28,168.0,5.0,25341.0,28,7,2020,1,246731.5,Italy,Europe,60461828.0,83.51,3.18,35220.084,4080.7813485229062
2020-07-29,202.0,11.0,30875.0,29,7,2020,2,246933.5,Italy,Europe,60461828.0,83.51,3.18,35220.084,4084.1222994448663
2020-07-30,288.0,6.0,33396.0,30,7,2020,3,247221.5,Italy,Europe,60461828.0,83.51,3.18,35220.084,4088.8856354128097
2020-07-31,382.0,3.0,29686.0,31,7,2020,4,247603.5,Italy,Europe,60461828.0,83.51,3.18,35220.084,4095.2036713147345
2020-08-01,379.0,9.0,31905.0,1,8,2020,5,247982.5,Italy,Europe,60461828.0,83.51,3.18,35220.084,4101.47208913366
2020-08-02,295.0,5.0,24496.0,2,8,2020,6,248277.5,Italy,Europe,60461828.0,83.51,3.18,35220.084,4106.351200628602
2020-08-03,238.0,8.0,13467.0,3,8,2020,0,248515.5,Italy,Europe,60461828.0,83.51,3.18,35220.084,4110.287568546555
2020-08-04,159.0,12.0,23491.0,4,8,2020,1,248674.5,Italy,Europe,60461828.0,83.51,3.18,35220.084,4112.917326945523
2020-08-05,190.0,5.0,29739.0,5,8,2020,2,248864.5,Italy,Europe,60461828.0,83.51,3.18,35220.084,4116.059805535486
2020-08-06,384.0,10.0,32169.0,6,8,2020,3,249248.5,Italy,Europe,60461828.0,83.51,3.18,35220.084,4122.41092015941
2020-08-07,401.0,6.0,30392.0,7,8,2020,4,249649.5,Italy,Europe,60461828.0,83.51,3.18,35220.084,4129.0432039203315
2020-08-08,552.0,3.0,26631.0,8,8,2020,5,250201.5,Italy,Europe,60461828.0,83.51,3.18,35220.084,4138.172931192223
2020-08-09,347.0,13.0,22773.0,9,8,2020,6,250548.5,Italy,Europe,60461828.0,83.51,3.18,35220.084,4143.912089459154
2020-08-10,463.0,2.0,10904.0,10,8,2020,0,251011.5,Italy,Europe,60461828.0,83.51,3.18,35220.084,4151.569813602063
2020-08-11,259.0,4.0,22063.0,11,8,2020,1,251270.5,Italy,Europe,60461828.0,83.51,3.18,35220.084,4155.853508101012
2020-08-12,412.0,6.0,27330.0,12,8,2020,2,251682.5,Italy,Europe,60461828.0,83.51,3.18,35220.084,4162.667724832931
2020-08-13,476.0,10.0,25629.0,13,8,2020,3,252158.5,Italy,Europe,60461828.0,83.51,3.18,35220.084,4170.540460668837
2020-08-14,522.0,6.0,24868.0,14,8,2020,4,252680.5,Italy,Europe,60461828.0,83.51,3.18,35220.084,4179.174007110734
2020-08-15,574.0,3.0,25937.0,15,8,2020,5,253254.5,Italy,Europe,60461828.0,83.51,3.18,35220.084,4188.667600324621
2020-08-16,629.0,158.0,22470.0,16,8,2020,6,253883.5,Italy,Europe,60461828.0,83.51,3.18,35220.084,4199.0708583934975
2020-08-17,477.0,4.0,21379.0,17,8,2020,0,254360.5,Italy,Europe,60461828.0,83.51,3.18,35220.084,4206.9601335904035
2020-08-18,320.0,4.0,32687.0,18,8,2020,1,254680.5,Italy,Europe,60461828.0,83.51,3.18,35220.084,4212.252729110341
2020-08-19,401.0,5.0,41290.0,19,8,2020,2,255081.5,Italy,Europe,60461828.0,83.51,3.18,35220.084,4218.885012871261
2020-08-20,642.0,7.0,49662.0,20,8,2020,3,255723.5,Italy,Europe,60461828.0,83.51,3.18,35220.084,4229.503282633135
2020-08-21,840.0,6.0,44943.0,21,8,2020,4,256563.5,Italy,Europe,60461828.0,83.51,3.18,35220.084,4243.3963458729695
2020-08-22,947.0,9.0,46613.0,22,8,2020,5,257510.5,Italy,Europe,60461828.0,83.51,3.18,35220.084,4259.059120739783
2020-08-23,1071.0,3.0,47463.0,23,8,2020,6,258581.5,Italy,Europe,60461828.0,83.51,3.18,35220.084,4276.7727763705725
2020-08-24,1209.0,7.0,33358.0,24,8,2020,0,259790.5,Italy,Europe,60461828.0,83.51,3.18,35220.084,4296.768863819334
2020-08-25,953.0,4.0,45798.0,25,8,2020,1,260743.5,Italy,Europe,60461828.0,83.51,3.18,35220.084,4312.530874852147
2020-08-26,876.0,4.0,58054.0,26,8,2020,2,261619.5,Italy,Europe,60461828.0,83.51,3.18,35220.084,4327.019355087974
2020-08-27,1366.0,13.0,57640.0,27,8,2020,3,262985.5,Italy,Europe,60461828.0,83.51,3.18,35220.084,4349.612122213704
2020-08-28,1409.0,5.0,65135.0,28,8,2020,4,264394.5,Italy,Europe,60461828.0,83.51,3.18,35220.084,4372.916081862428
2020-08-29,1460.0,9.0,64294.0,29,8,2020,5,265854.5,Italy,Europe,60461828.0,83.51,3.18,35220.084,4397.0635489221395
2020-08-30,1444.0,1.0,53541.0,30,8,2020,6,267298.5,Italy,Europe,60461828.0,83.51,3.18,35220.084,4420.946386205856
2020-08-31,1365.0,4.0,42583.0,31,8,2020,0,268663.5,Italy,Europe,60461828.0,83.51,3.18,35220.084,4443.5226139705865
2020-09-01,996.0,6.0,54395.0,1,9,2020,1,269659.5,Italy,Europe,60461828.0,83.51,3.18,35220.084,4459.99581752639
2020-09-02,975.0,8.0,,2,9,2020,2,270634.5,Italy,Europe,60461828.0,83.51,3.18,35220.084,4476.121694501198
2020-09-03,1326.0,6.0,,3,9,2020,3,271960.5,Italy,Europe,60461828.0,83.51,3.18,35220.084,4498.052887186937
